[{"@type":"dssTask","id":"@1","name":"Account_FF_ORCL","description":"","maxLogs":10,"sourceConnectionId":"@4mJRDuZc5ILj4IUYFT1O2U","targetConnectionId":"@kr4R25J1buJhEn7z5BZbQP","targetObject":"ACCOUNT_SH","targetObjectLabel":"ACCOUNT_SH","operation":"Insert","maxRows":0,"truncateTarget":false,"bulkApiDBTarget":false,"verbose":false,"srcFlatFileAttrs":{"@type":"flatFileAttrs","id":48055870,"delimiter":",","textQualifier":"\"","escapeChar":"","headerLineNo":1,"firstDataRow":2},"targetMetadataUpdated":false,"modelVersion":"V3-R600","queryAll":false,"srcSettings":{"@type":"taskDataSourceSetting","isShowLabels":false,"isNaturalOrder":true},"tgtSettings":{"@type":"taskDataSourceSetting","isShowLabels":false,"isNaturalOrder":true},"cfSettings":{"@type":"taskDataSourceSetting","isShowLabels":false,"isNaturalOrder":false},"bulkApi":false,"bulkApiSerialMode":false,"bulkApiMonitor":false,"isTargetObjectSfCustom":false,"allowNullUpdates":false,"targetBatchSize":200,"assignmentRuleId":"-1","assignmentRuleType":"None","createSuccessFile":false,"bulkApiHardDelete":false,"srcRuntimeAttrs":{"@type":"taskRuntimeAttrs","attrs":{}},"tgtRuntimeAttrs":{"@type":"taskRuntimeAttrs","attrs":{}},"parameterFileEncoding":"UTF-8","serverlessProperties":{},"sourceObjects":[{"@type":"mObject","name":"ACCOUNT.csv","label":"ACCOUNT.csv","metadataUpdated":false,"relations":[],"children":[]}],"advancedFilters":[],"filters":[],"fieldMaps":[{"@type":"fieldMap","id":"52686709","targetField":{"@type":"field","id":168745207,"name":"ID","type":"decimal","uniqueName":"ID","label":"ID","parentObject":"ACCOUNT_SH","pcType":"HIPRECDECIMAL","precision":38,"scale":0,"columnIndex":0,"isKey":false,"isExternalId":false,"isSfIdLookup":false,"isNullable":true,"isUnique":false,"isCreateable":false,"isUpdateable":true,"isFilterable":true,"isCalculated":false,"showLabel":false,"naturalOrder":0,"linkedFields":["ID"],"relatedInfos":[],"references":[]},"expression":"ID"},{"@type":"fieldMap","id":"52686712","targetField":{"@type":"field","id":168745210,"name":"NAME","type":"varchar","uniqueName":"NAME","label":"NAME","parentObject":"ACCOUNT_SH","pcType":"STRING","precision":100,"scale":0,"columnIndex":1,"isKey":false,"isExternalId":false,"isSfIdLookup":false,"isNullable":true,"isUnique":false,"isCreateable":false,"isUpdateable":true,"isFilterable":true,"isCalculated":false,"showLabel":false,"naturalOrder":1,"linkedFields":["NAME"],"relatedInfos":[],"references":[]},"expression":"NAME"},{"@type":"fieldMap","id":"52686715","targetField":{"@type":"field","id":168745213,"name":"STREET","type":"varchar","uniqueName":"STREET","label":"STREET","parentObject":"ACCOUNT_SH","pcType":"STRING","precision":100,"scale":0,"columnIndex":2,"isKey":false,"isExternalId":false,"isSfIdLookup":false,"isNullable":true,"isUnique":false,"isCreateable":false,"isUpdateable":true,"isFilterable":true,"isCalculated":false,"showLabel":false,"naturalOrder":2,"linkedFields":["STREET"],"relatedInfos":[],"references":[]},"expression":"STREET"},{"@type":"fieldMap","id":"52686718","targetField":{"@type":"field","id":168745216,"name":"CITY","type":"varchar","uniqueName":"CITY","label":"CITY","parentObject":"ACCOUNT_SH","pcType":"STRING","precision":100,"scale":0,"columnIndex":3,"isKey":false,"isExternalId":false,"isSfIdLookup":false,"isNullable":true,"isUnique":false,"isCreateable":false,"isUpdateable":true,"isFilterable":true,"isCalculated":false,"showLabel":false,"naturalOrder":3,"linkedFields":["CITY"],"relatedInfos":[],"references":[]},"expression":"CITY"},{"@type":"fieldMap","id":"52686721","targetField":{"@type":"field","id":168745219,"name":"STATE","type":"varchar","uniqueName":"STATE","label":"STATE","parentObject":"ACCOUNT_SH","pcType":"STRING","precision":100,"scale":0,"columnIndex":4,"isKey":false,"isExternalId":false,"isSfIdLookup":false,"isNullable":true,"isUnique":false,"isCreateable":false,"isUpdateable":true,"isFilterable":true,"isCalculated":false,"showLabel":false,"naturalOrder":4,"linkedFields":["STATE"],"relatedInfos":[],"references":[]},"expression":"STATE"},{"@type":"fieldMap","id":"52686724","targetField":{"@type":"field","id":168745222,"name":"ZIPCODE","type":"decimal","uniqueName":"ZIPCODE","label":"ZIPCODE","parentObject":"ACCOUNT_SH","pcType":"HIPRECDECIMAL","precision":38,"scale":0,"columnIndex":5,"isKey":false,"isExternalId":false,"isSfIdLookup":false,"isNullable":true,"isUnique":false,"isCreateable":false,"isUpdateable":true,"isFilterable":true,"isCalculated":false,"showLabel":false,"naturalOrder":5,"linkedFields":["ZIPCODE"],"relatedInfos":[],"references":[]},"expression":"ZIPCODE"},{"@type":"fieldMap","id":"52686727","targetField":{"@type":"field","id":168745225,"name":"ANNUAL_REVENUE","type":"decimal","uniqueName":"ANNUAL_REVENUE","label":"ANNUAL_REVENUE","parentObject":"ACCOUNT_SH","pcType":"HIPRECDECIMAL","precision":38,"scale":0,"columnIndex":6,"isKey":false,"isExternalId":false,"isSfIdLookup":false,"isNullable":true,"isUnique":false,"isCreateable":false,"isUpdateable":true,"isFilterable":true,"isCalculated":false,"showLabel":false,"naturalOrder":6,"linkedFields":["ANNUAL_REVENUE"],"relatedInfos":[],"references":[]},"expression":"ANNUAL_REVENUE"}],"sourceFields":[{"@type":"field","id":168745228,"name":"ID","type":"number","uniqueName":"ID","label":"ID","parentObject":"ACCOUNT.csv","pcType":"HIPRECDECIMAL","precision":38,"scale":0,"columnIndex":0,"isKey":false,"isExternalId":false,"isSfIdLookup":false,"isNullable":true,"isUnique":false,"isCreateable":false,"isUpdateable":true,"isFilterable":true,"isCalculated":false,"showLabel":false,"naturalOrder":0,"linkedFields":["ID"],"relatedInfos":[],"references":[]},{"@type":"field","id":168745231,"name":"NAME","type":"nstring","uniqueName":"NAME","label":"NAME","parentObject":"ACCOUNT.csv","pcType":"UNISTRING","precision":100,"scale":0,"columnIndex":1,"isKey":false,"isExternalId":false,"isSfIdLookup":false,"isNullable":true,"isUnique":false,"isCreateable":false,"isUpdateable":true,"isFilterable":true,"isCalculated":false,"showLabel":false,"naturalOrder":0,"linkedFields":["NAME"],"relatedInfos":[],"references":[]},{"@type":"field","id":168745234,"name":"STREET","type":"nstring","uniqueName":"STREET","label":"STREET","parentObject":"ACCOUNT.csv","pcType":"UNISTRING","precision":100,"scale":0,"columnIndex":2,"isKey":false,"isExternalId":false,"isSfIdLookup":false,"isNullable":true,"isUnique":false,"isCreateable":false,"isUpdateable":true,"isFilterable":true,"isCalculated":false,"showLabel":false,"naturalOrder":0,"linkedFields":["STREET"],"relatedInfos":[],"references":[]},{"@type":"field","id":168745237,"name":"CITY","type":"nstring","uniqueName":"CITY","label":"CITY","parentObject":"ACCOUNT.csv","pcType":"UNISTRING","precision":100,"scale":0,"columnIndex":3,"isKey":false,"isExternalId":false,"isSfIdLookup":false,"isNullable":true,"isUnique":false,"isCreateable":false,"isUpdateable":true,"isFilterable":true,"isCalculated":false,"showLabel":false,"naturalOrder":0,"linkedFields":["CITY"],"relatedInfos":[],"references":[]},{"@type":"field","id":168745240,"name":"STATE","type":"nstring","uniqueName":"STATE","label":"STATE","parentObject":"ACCOUNT.csv","pcType":"UNISTRING","precision":100,"scale":0,"columnIndex":4,"isKey":false,"isExternalId":false,"isSfIdLookup":false,"isNullable":true,"isUnique":false,"isCreateable":false,"isUpdateable":true,"isFilterable":true,"isCalculated":false,"showLabel":false,"naturalOrder":0,"linkedFields":["STATE"],"relatedInfos":[],"references":[]},{"@type":"field","id":168745243,"name":"ZIPCODE","type":"number","uniqueName":"ZIPCODE","label":"ZIPCODE","parentObject":"ACCOUNT.csv","pcType":"HIPRECDECIMAL","precision":38,"scale":0,"columnIndex":5,"isKey":false,"isExternalId":false,"isSfIdLookup":false,"isNullable":true,"isUnique":false,"isCreateable":false,"isUpdateable":true,"isFilterable":true,"isCalculated":false,"showLabel":false,"naturalOrder":0,"linkedFields":["ZIPCODE"],"relatedInfos":[],"references":[]},{"@type":"field","id":168745246,"name":"ANNUAL_REVENUE","type":"number","uniqueName":"ANNUAL_REVENUE","label":"ANNUAL_REVENUE","parentObject":"ACCOUNT.csv","pcType":"HIPRECDECIMAL","precision":38,"scale":0,"columnIndex":6,"isKey":false,"isExternalId":false,"isSfIdLookup":false,"isNullable":true,"isUnique":false,"isCreateable":false,"isUpdateable":true,"isFilterable":true,"isCalculated":false,"showLabel":false,"naturalOrder":0,"linkedFields":["ANNUAL_REVENUE"],"relatedInfos":[],"references":[]}],"sortFields":[],"groupFields":[]}]