[{"@type":"dssTask","id":"@1","name":"Shiva_AccountLoad","description":"","maxLogs":10,"sourceConnectionId":"@5Gbk64vEiKwkOaphZ8HdAP","targetConnectionId":"@4mJRDuZc5ILj4IUYFT1O2U","targetObject":"SF_ACCOUNT - Synchronized.csv","targetObjectLabel":"SF_ACCOUNT - Synchronized.csv","operation":"Insert","maxRows":0,"truncateTarget":false,"bulkApiDBTarget":false,"verbose":false,"tgtFlatFileAttrs":{"@type":"flatFileAttrs","id":46818940,"delimiter":",","textQualifier":"\"","escapeChar":"","headerLineNo":1,"firstDataRow":2},"targetMetadataUpdated":false,"modelVersion":"V3-R600","queryAll":false,"srcSettings":{"@type":"taskDataSourceSetting","isShowLabels":true,"isNaturalOrder":true},"tgtSettings":{"@type":"taskDataSourceSetting","isShowLabels":false,"isNaturalOrder":true},"cfSettings":{"@type":"taskDataSourceSetting","isShowLabels":false,"isNaturalOrder":false},"bulkApi":false,"bulkApiSerialMode":false,"bulkApiMonitor":false,"isTargetObjectSfCustom":false,"allowNullUpdates":false,"targetBatchSize":200,"assignmentRuleId":"-1","assignmentRuleType":"None","createSuccessFile":false,"bulkApiHardDelete":false,"srcRuntimeAttrs":{"@type":"taskRuntimeAttrs","attrs":{"PK Chunking size":"100000","Enable PK Chunking":"0","PK Chunking startRow ID":""}},"tgtRuntimeAttrs":{"@type":"taskRuntimeAttrs","attrs":{}},"parameterFileEncoding":"UTF-8","serverlessProperties":{},"sourceObjects":[{"@type":"mObject","name":"Account","label":"Account","metadataUpdated":false,"relations":[],"children":[]}],"advancedFilters":[],"filters":[],"fieldMaps":[{"@type":"fieldMap","id":"52128091","targetField":{"@type":"field","id":166650997,"name":"ID","type":"nstring","uniqueName":"ID","label":"ID","parentObject":"SF_ACCOUNT - Synchronized.csv","pcType":"UNISTRING","precision":18,"scale":0,"columnIndex":0,"isKey":false,"isExternalId":false,"isSfIdLookup":false,"isNullable":true,"isUnique":false,"isCreateable":false,"isUpdateable":true,"isFilterable":true,"isCalculated":false,"showLabel":false,"naturalOrder":0,"linkedFields":["Id"],"relatedInfos":[],"references":[]},"expression":"Id"},{"@type":"fieldMap","id":"52128094","targetField":{"@type":"field","id":166651000,"name":"ISDELETED","type":"int","uniqueName":"ISDELETED","label":"ISDELETED","parentObject":"SF_ACCOUNT - Synchronized.csv","pcType":"INT","precision":10,"scale":0,"columnIndex":1,"isKey":false,"isExternalId":false,"isSfIdLookup":false,"isNullable":true,"isUnique":false,"isCreateable":false,"isUpdateable":true,"isFilterable":true,"isCalculated":false,"showLabel":false,"naturalOrder":0,"linkedFields":["IsDeleted"],"relatedInfos":[],"references":[]},"expression":"IsDeleted"},{"@type":"fieldMap","id":"52128097","targetField":{"@type":"field","id":166651003,"name":"MASTERRECORDID","type":"nstring","uniqueName":"MASTERRECORDID","label":"MASTERRECORDID","parentObject":"SF_ACCOUNT - Synchronized.csv","pcType":"UNISTRING","precision":18,"scale":0,"columnIndex":2,"isKey":false,"isExternalId":false,"isSfIdLookup":false,"isNullable":true,"isUnique":false,"isCreateable":false,"isUpdateable":true,"isFilterable":true,"isCalculated":false,"showLabel":false,"naturalOrder":0,"linkedFields":["MasterRecordId"],"relatedInfos":[],"references":[]},"expression":"MasterRecordId"},{"@type":"fieldMap","id":"52128100","targetField":{"@type":"field","id":166651006,"name":"NAME","type":"nstring","uniqueName":"NAME","label":"NAME","parentObject":"SF_ACCOUNT - Synchronized.csv","pcType":"UNISTRING","precision":255,"scale":0,"columnIndex":3,"isKey":false,"isExternalId":false,"isSfIdLookup":false,"isNullable":true,"isUnique":false,"isCreateable":false,"isUpdateable":true,"isFilterable":true,"isCalculated":false,"showLabel":false,"naturalOrder":0,"linkedFields":["Name"],"relatedInfos":[],"references":[]},"expression":"Name"},{"@type":"fieldMap","id":"52128103","targetField":{"@type":"field","id":166651009,"name":"TYPE","type":"nstring","uniqueName":"TYPE","label":"TYPE","parentObject":"SF_ACCOUNT - Synchronized.csv","pcType":"UNISTRING","precision":255,"scale":0,"columnIndex":4,"isKey":false,"isExternalId":false,"isSfIdLookup":false,"isNullable":true,"isUnique":false,"isCreateable":false,"isUpdateable":true,"isFilterable":true,"isCalculated":false,"showLabel":false,"naturalOrder":0,"linkedFields":["Type"],"relatedInfos":[],"references":[]},"expression":"Type"},{"@type":"fieldMap","id":"52128106","targetField":{"@type":"field","id":166651012,"name":"PARENTID","type":"nstring","uniqueName":"PARENTID","label":"PARENTID","parentObject":"SF_ACCOUNT - Synchronized.csv","pcType":"UNISTRING","precision":18,"scale":0,"columnIndex":5,"isKey":false,"isExternalId":false,"isSfIdLookup":false,"isNullable":true,"isUnique":false,"isCreateable":false,"isUpdateable":true,"isFilterable":true,"isCalculated":false,"showLabel":false,"naturalOrder":0,"linkedFields":["ParentId"],"relatedInfos":[],"references":[]},"expression":"ParentId"},{"@type":"fieldMap","id":"52128109","targetField":{"@type":"field","id":166651015,"name":"BILLINGSTREET","type":"nstring","uniqueName":"BILLINGSTREET","label":"BILLINGSTREET","parentObject":"SF_ACCOUNT - Synchronized.csv","pcType":"UNISTRING","precision":255,"scale":0,"columnIndex":6,"isKey":false,"isExternalId":false,"isSfIdLookup":false,"isNullable":true,"isUnique":false,"isCreateable":false,"isUpdateable":true,"isFilterable":true,"isCalculated":false,"showLabel":false,"naturalOrder":0,"linkedFields":["BillingStreet"],"relatedInfos":[],"references":[]},"expression":"BillingStreet"},{"@type":"fieldMap","id":"52128112","targetField":{"@type":"field","id":166651018,"name":"BILLINGCITY","type":"nstring","uniqueName":"BILLINGCITY","label":"BILLINGCITY","parentObject":"SF_ACCOUNT - Synchronized.csv","pcType":"UNISTRING","precision":40,"scale":0,"columnIndex":7,"isKey":false,"isExternalId":false,"isSfIdLookup":false,"isNullable":true,"isUnique":false,"isCreateable":false,"isUpdateable":true,"isFilterable":true,"isCalculated":false,"showLabel":false,"naturalOrder":0,"linkedFields":["BillingCity"],"relatedInfos":[],"references":[]},"expression":"BillingCity"},{"@type":"fieldMap","id":"52128115","targetField":{"@type":"field","id":166651021,"name":"BILLINGSTATE","type":"nstring","uniqueName":"BILLINGSTATE","label":"BILLINGSTATE","parentObject":"SF_ACCOUNT - Synchronized.csv","pcType":"UNISTRING","precision":80,"scale":0,"columnIndex":8,"isKey":false,"isExternalId":false,"isSfIdLookup":false,"isNullable":true,"isUnique":false,"isCreateable":false,"isUpdateable":true,"isFilterable":true,"isCalculated":false,"showLabel":false,"naturalOrder":0,"linkedFields":["BillingState"],"relatedInfos":[],"references":[]},"expression":"BillingState"},{"@type":"fieldMap","id":"52128118","targetField":{"@type":"field","id":166651024,"name":"BILLINGPOSTALCODE","type":"nstring","uniqueName":"BILLINGPOSTALCODE","label":"BILLINGPOSTALCODE","parentObject":"SF_ACCOUNT - Synchronized.csv","pcType":"UNISTRING","precision":20,"scale":0,"columnIndex":9,"isKey":false,"isExternalId":false,"isSfIdLookup":false,"isNullable":true,"isUnique":false,"isCreateable":false,"isUpdateable":true,"isFilterable":true,"isCalculated":false,"showLabel":false,"naturalOrder":0,"linkedFields":["BillingPostalCode"],"relatedInfos":[],"references":[]},"expression":"BillingPostalCode"},{"@type":"fieldMap","id":"52128121","targetField":{"@type":"field","id":166651027,"name":"BILLINGCOUNTRY","type":"nstring","uniqueName":"BILLINGCOUNTRY","label":"BILLINGCOUNTRY","parentObject":"SF_ACCOUNT - Synchronized.csv","pcType":"UNISTRING","precision":80,"scale":0,"columnIndex":10,"isKey":false,"isExternalId":false,"isSfIdLookup":false,"isNullable":true,"isUnique":false,"isCreateable":false,"isUpdateable":true,"isFilterable":true,"isCalculated":false,"showLabel":false,"naturalOrder":0,"linkedFields":["BillingCountry"],"relatedInfos":[],"references":[]},"expression":"BillingCountry"},{"@type":"fieldMap","id":"52128124","targetField":{"@type":"field","id":166651030,"name":"BILLINGLATITUDE","type":"number","uniqueName":"BILLINGLATITUDE","label":"BILLINGLATITUDE","parentObject":"SF_ACCOUNT - Synchronized.csv","pcType":"HIPRECDECIMAL","precision":18,"scale":15,"columnIndex":11,"isKey":false,"isExternalId":false,"isSfIdLookup":false,"isNullable":true,"isUnique":false,"isCreateable":false,"isUpdateable":true,"isFilterable":true,"isCalculated":false,"showLabel":false,"naturalOrder":0,"linkedFields":["BillingLatitude"],"relatedInfos":[],"references":[]},"expression":"BillingLatitude"},{"@type":"fieldMap","id":"52128127","targetField":{"@type":"field","id":166651033,"name":"BILLINGLONGITUDE","type":"number","uniqueName":"BILLINGLONGITUDE","label":"BILLINGLONGITUDE","parentObject":"SF_ACCOUNT - Synchronized.csv","pcType":"HIPRECDECIMAL","precision":18,"scale":15,"columnIndex":12,"isKey":false,"isExternalId":false,"isSfIdLookup":false,"isNullable":true,"isUnique":false,"isCreateable":false,"isUpdateable":true,"isFilterable":true,"isCalculated":false,"showLabel":false,"naturalOrder":0,"linkedFields":["BillingLongitude"],"relatedInfos":[],"references":[]},"expression":"BillingLongitude"},{"@type":"fieldMap","id":"52128130","targetField":{"@type":"field","id":166651036,"name":"BILLINGGEOCODEACCURACY","type":"nstring","uniqueName":"BILLINGGEOCODEACCURACY","label":"BILLINGGEOCODEACCURACY","parentObject":"SF_ACCOUNT - Synchronized.csv","pcType":"UNISTRING","precision":40,"scale":0,"columnIndex":13,"isKey":false,"isExternalId":false,"isSfIdLookup":false,"isNullable":true,"isUnique":false,"isCreateable":false,"isUpdateable":true,"isFilterable":true,"isCalculated":false,"showLabel":false,"naturalOrder":0,"linkedFields":["BillingGeocodeAccuracy"],"relatedInfos":[],"references":[]},"expression":"BillingGeocodeAccuracy"},{"@type":"fieldMap","id":"52128133","targetField":{"@type":"field","id":166651039,"name":"SHIPPINGSTREET","type":"nstring","uniqueName":"SHIPPINGSTREET","label":"SHIPPINGSTREET","parentObject":"SF_ACCOUNT - Synchronized.csv","pcType":"UNISTRING","precision":255,"scale":0,"columnIndex":14,"isKey":false,"isExternalId":false,"isSfIdLookup":false,"isNullable":true,"isUnique":false,"isCreateable":false,"isUpdateable":true,"isFilterable":true,"isCalculated":false,"showLabel":false,"naturalOrder":0,"linkedFields":["ShippingStreet"],"relatedInfos":[],"references":[]},"expression":"ShippingStreet"},{"@type":"fieldMap","id":"52128136","targetField":{"@type":"field","id":166651042,"name":"SHIPPINGCITY","type":"nstring","uniqueName":"SHIPPINGCITY","label":"SHIPPINGCITY","parentObject":"SF_ACCOUNT - Synchronized.csv","pcType":"UNISTRING","precision":40,"scale":0,"columnIndex":15,"isKey":false,"isExternalId":false,"isSfIdLookup":false,"isNullable":true,"isUnique":false,"isCreateable":false,"isUpdateable":true,"isFilterable":true,"isCalculated":false,"showLabel":false,"naturalOrder":0,"linkedFields":["ShippingCity"],"relatedInfos":[],"references":[]},"expression":"ShippingCity"},{"@type":"fieldMap","id":"52128139","targetField":{"@type":"field","id":166651045,"name":"SHIPPINGSTATE","type":"nstring","uniqueName":"SHIPPINGSTATE","label":"SHIPPINGSTATE","parentObject":"SF_ACCOUNT - Synchronized.csv","pcType":"UNISTRING","precision":80,"scale":0,"columnIndex":16,"isKey":false,"isExternalId":false,"isSfIdLookup":false,"isNullable":true,"isUnique":false,"isCreateable":false,"isUpdateable":true,"isFilterable":true,"isCalculated":false,"showLabel":false,"naturalOrder":0,"linkedFields":["ShippingState"],"relatedInfos":[],"references":[]},"expression":"ShippingState"},{"@type":"fieldMap","id":"52128142","targetField":{"@type":"field","id":166651048,"name":"SHIPPINGPOSTALCODE","type":"nstring","uniqueName":"SHIPPINGPOSTALCODE","label":"SHIPPINGPOSTALCODE","parentObject":"SF_ACCOUNT - Synchronized.csv","pcType":"UNISTRING","precision":20,"scale":0,"columnIndex":17,"isKey":false,"isExternalId":false,"isSfIdLookup":false,"isNullable":true,"isUnique":false,"isCreateable":false,"isUpdateable":true,"isFilterable":true,"isCalculated":false,"showLabel":false,"naturalOrder":0,"linkedFields":["ShippingPostalCode"],"relatedInfos":[],"references":[]},"expression":"ShippingPostalCode"},{"@type":"fieldMap","id":"52128145","targetField":{"@type":"field","id":166651051,"name":"SHIPPINGCOUNTRY","type":"nstring","uniqueName":"SHIPPINGCOUNTRY","label":"SHIPPINGCOUNTRY","parentObject":"SF_ACCOUNT - Synchronized.csv","pcType":"UNISTRING","precision":80,"scale":0,"columnIndex":18,"isKey":false,"isExternalId":false,"isSfIdLookup":false,"isNullable":true,"isUnique":false,"isCreateable":false,"isUpdateable":true,"isFilterable":true,"isCalculated":false,"showLabel":false,"naturalOrder":0,"linkedFields":["ShippingCountry"],"relatedInfos":[],"references":[]},"expression":"ShippingCountry"},{"@type":"fieldMap","id":"52128148","targetField":{"@type":"field","id":166651054,"name":"SHIPPINGLATITUDE","type":"number","uniqueName":"SHIPPINGLATITUDE","label":"SHIPPINGLATITUDE","parentObject":"SF_ACCOUNT - Synchronized.csv","pcType":"HIPRECDECIMAL","precision":18,"scale":15,"columnIndex":19,"isKey":false,"isExternalId":false,"isSfIdLookup":false,"isNullable":true,"isUnique":false,"isCreateable":false,"isUpdateable":true,"isFilterable":true,"isCalculated":false,"showLabel":false,"naturalOrder":0,"linkedFields":["ShippingLatitude"],"relatedInfos":[],"references":[]},"expression":"ShippingLatitude"},{"@type":"fieldMap","id":"52128151","targetField":{"@type":"field","id":166651057,"name":"SHIPPINGLONGITUDE","type":"number","uniqueName":"SHIPPINGLONGITUDE","label":"SHIPPINGLONGITUDE","parentObject":"SF_ACCOUNT - Synchronized.csv","pcType":"HIPRECDECIMAL","precision":18,"scale":15,"columnIndex":20,"isKey":false,"isExternalId":false,"isSfIdLookup":false,"isNullable":true,"isUnique":false,"isCreateable":false,"isUpdateable":true,"isFilterable":true,"isCalculated":false,"showLabel":false,"naturalOrder":0,"linkedFields":["ShippingLongitude"],"relatedInfos":[],"references":[]},"expression":"ShippingLongitude"},{"@type":"fieldMap","id":"52128154","targetField":{"@type":"field","id":166651060,"name":"SHIPPINGGEOCODEACCURACY","type":"nstring","uniqueName":"SHIPPINGGEOCODEACCURACY","label":"SHIPPINGGEOCODEACCURACY","parentObject":"SF_ACCOUNT - Synchronized.csv","pcType":"UNISTRING","precision":40,"scale":0,"columnIndex":21,"isKey":false,"isExternalId":false,"isSfIdLookup":false,"isNullable":true,"isUnique":false,"isCreateable":false,"isUpdateable":true,"isFilterable":true,"isCalculated":false,"showLabel":false,"naturalOrder":0,"linkedFields":["ShippingGeocodeAccuracy"],"relatedInfos":[],"references":[]},"expression":"ShippingGeocodeAccuracy"},{"@type":"fieldMap","id":"52128157","targetField":{"@type":"field","id":166651063,"name":"PHONE","type":"nstring","uniqueName":"PHONE","label":"PHONE","parentObject":"SF_ACCOUNT - Synchronized.csv","pcType":"UNISTRING","precision":40,"scale":0,"columnIndex":22,"isKey":false,"isExternalId":false,"isSfIdLookup":false,"isNullable":true,"isUnique":false,"isCreateable":false,"isUpdateable":true,"isFilterable":true,"isCalculated":false,"showLabel":false,"naturalOrder":0,"linkedFields":["Phone"],"relatedInfos":[],"references":[]},"expression":"Phone"},{"@type":"fieldMap","id":"52128160","targetField":{"@type":"field","id":166651066,"name":"FAX","type":"nstring","uniqueName":"FAX","label":"FAX","parentObject":"SF_ACCOUNT - Synchronized.csv","pcType":"UNISTRING","precision":40,"scale":0,"columnIndex":23,"isKey":false,"isExternalId":false,"isSfIdLookup":false,"isNullable":true,"isUnique":false,"isCreateable":false,"isUpdateable":true,"isFilterable":true,"isCalculated":false,"showLabel":false,"naturalOrder":0,"linkedFields":["Fax"],"relatedInfos":[],"references":[]},"expression":"Fax"},{"@type":"fieldMap","id":"52128163","targetField":{"@type":"field","id":166651069,"name":"ACCOUNTNUMBER","type":"nstring","uniqueName":"ACCOUNTNUMBER","label":"ACCOUNTNUMBER","parentObject":"SF_ACCOUNT - Synchronized.csv","pcType":"UNISTRING","precision":40,"scale":0,"columnIndex":24,"isKey":false,"isExternalId":false,"isSfIdLookup":false,"isNullable":true,"isUnique":false,"isCreateable":false,"isUpdateable":true,"isFilterable":true,"isCalculated":false,"showLabel":false,"naturalOrder":0,"linkedFields":["AccountNumber"],"relatedInfos":[],"references":[]},"expression":"AccountNumber"},{"@type":"fieldMap","id":"52128166","targetField":{"@type":"field","id":166651072,"name":"WEBSITE","type":"nstring","uniqueName":"WEBSITE","label":"WEBSITE","parentObject":"SF_ACCOUNT - Synchronized.csv","pcType":"UNISTRING","precision":255,"scale":0,"columnIndex":25,"isKey":false,"isExternalId":false,"isSfIdLookup":false,"isNullable":true,"isUnique":false,"isCreateable":false,"isUpdateable":true,"isFilterable":true,"isCalculated":false,"showLabel":false,"naturalOrder":0,"linkedFields":["Website"],"relatedInfos":[],"references":[]},"expression":"Website"},{"@type":"fieldMap","id":"52128169","targetField":{"@type":"field","id":166651075,"name":"PHOTOURL","type":"nstring","uniqueName":"PHOTOURL","label":"PHOTOURL","parentObject":"SF_ACCOUNT - Synchronized.csv","pcType":"UNISTRING","precision":255,"scale":0,"columnIndex":26,"isKey":false,"isExternalId":false,"isSfIdLookup":false,"isNullable":true,"isUnique":false,"isCreateable":false,"isUpdateable":true,"isFilterable":true,"isCalculated":false,"showLabel":false,"naturalOrder":0,"linkedFields":["PhotoUrl"],"relatedInfos":[],"references":[]},"expression":"PhotoUrl"},{"@type":"fieldMap","id":"52128172","targetField":{"@type":"field","id":166651078,"name":"SIC","type":"nstring","uniqueName":"SIC","label":"SIC","parentObject":"SF_ACCOUNT - Synchronized.csv","pcType":"UNISTRING","precision":20,"scale":0,"columnIndex":27,"isKey":false,"isExternalId":false,"isSfIdLookup":false,"isNullable":true,"isUnique":false,"isCreateable":false,"isUpdateable":true,"isFilterable":true,"isCalculated":false,"showLabel":false,"naturalOrder":0,"linkedFields":["Sic"],"relatedInfos":[],"references":[]},"expression":"Sic"},{"@type":"fieldMap","id":"52128175","targetField":{"@type":"field","id":166651081,"name":"INDUSTRY","type":"nstring","uniqueName":"INDUSTRY","label":"INDUSTRY","parentObject":"SF_ACCOUNT - Synchronized.csv","pcType":"UNISTRING","precision":255,"scale":0,"columnIndex":28,"isKey":false,"isExternalId":false,"isSfIdLookup":false,"isNullable":true,"isUnique":false,"isCreateable":false,"isUpdateable":true,"isFilterable":true,"isCalculated":false,"showLabel":false,"naturalOrder":0,"linkedFields":["Industry"],"relatedInfos":[],"references":[]},"expression":"Industry"},{"@type":"fieldMap","id":"52128178","targetField":{"@type":"field","id":166651084,"name":"ANNUALREVENUE","type":"number","uniqueName":"ANNUALREVENUE","label":"ANNUALREVENUE","parentObject":"SF_ACCOUNT - Synchronized.csv","pcType":"HIPRECDECIMAL","precision":18,"scale":0,"columnIndex":29,"isKey":false,"isExternalId":false,"isSfIdLookup":false,"isNullable":true,"isUnique":false,"isCreateable":false,"isUpdateable":true,"isFilterable":true,"isCalculated":false,"showLabel":false,"naturalOrder":0,"linkedFields":["AnnualRevenue"],"relatedInfos":[],"references":[]},"expression":"AnnualRevenue"},{"@type":"fieldMap","id":"52128181","targetField":{"@type":"field","id":166651087,"name":"NUMBEROFEMPLOYEES","type":"int","uniqueName":"NUMBEROFEMPLOYEES","label":"NUMBEROFEMPLOYEES","parentObject":"SF_ACCOUNT - Synchronized.csv","pcType":"INT","precision":10,"scale":0,"columnIndex":30,"isKey":false,"isExternalId":false,"isSfIdLookup":false,"isNullable":true,"isUnique":false,"isCreateable":false,"isUpdateable":true,"isFilterable":true,"isCalculated":false,"showLabel":false,"naturalOrder":0,"linkedFields":["NumberOfEmployees"],"relatedInfos":[],"references":[]},"expression":"NumberOfEmployees"},{"@type":"fieldMap","id":"52128184","targetField":{"@type":"field","id":166651090,"name":"OWNERSHIP","type":"nstring","uniqueName":"OWNERSHIP","label":"OWNERSHIP","parentObject":"SF_ACCOUNT - Synchronized.csv","pcType":"UNISTRING","precision":255,"scale":0,"columnIndex":31,"isKey":false,"isExternalId":false,"isSfIdLookup":false,"isNullable":true,"isUnique":false,"isCreateable":false,"isUpdateable":true,"isFilterable":true,"isCalculated":false,"showLabel":false,"naturalOrder":0,"linkedFields":["Ownership"],"relatedInfos":[],"references":[]},"expression":"Ownership"},{"@type":"fieldMap","id":"52128187","targetField":{"@type":"field","id":166651093,"name":"TICKERSYMBOL","type":"nstring","uniqueName":"TICKERSYMBOL","label":"TICKERSYMBOL","parentObject":"SF_ACCOUNT - Synchronized.csv","pcType":"UNISTRING","precision":20,"scale":0,"columnIndex":32,"isKey":false,"isExternalId":false,"isSfIdLookup":false,"isNullable":true,"isUnique":false,"isCreateable":false,"isUpdateable":true,"isFilterable":true,"isCalculated":false,"showLabel":false,"naturalOrder":0,"linkedFields":["TickerSymbol"],"relatedInfos":[],"references":[]},"expression":"TickerSymbol"},{"@type":"fieldMap","id":"52128190","targetField":{"@type":"field","id":166651096,"name":"DESCRIPTION","type":"nstring","uniqueName":"DESCRIPTION","label":"DESCRIPTION","parentObject":"SF_ACCOUNT - Synchronized.csv","pcType":"UNISTRING","precision":32000,"scale":0,"columnIndex":33,"isKey":false,"isExternalId":false,"isSfIdLookup":false,"isNullable":true,"isUnique":false,"isCreateable":false,"isUpdateable":true,"isFilterable":true,"isCalculated":false,"showLabel":false,"naturalOrder":0,"linkedFields":["Description"],"relatedInfos":[],"references":[]},"expression":"Description"},{"@type":"fieldMap","id":"52128193","targetField":{"@type":"field","id":166651099,"name":"RATING","type":"nstring","uniqueName":"RATING","label":"RATING","parentObject":"SF_ACCOUNT - Synchronized.csv","pcType":"UNISTRING","precision":255,"scale":0,"columnIndex":34,"isKey":false,"isExternalId":false,"isSfIdLookup":false,"isNullable":true,"isUnique":false,"isCreateable":false,"isUpdateable":true,"isFilterable":true,"isCalculated":false,"showLabel":false,"naturalOrder":0,"linkedFields":["Rating"],"relatedInfos":[],"references":[]},"expression":"Rating"},{"@type":"fieldMap","id":"52128196","targetField":{"@type":"field","id":166651102,"name":"OWNERID","type":"nstring","uniqueName":"OWNERID","label":"OWNERID","parentObject":"SF_ACCOUNT - Synchronized.csv","pcType":"UNISTRING","precision":18,"scale":0,"columnIndex":35,"isKey":false,"isExternalId":false,"isSfIdLookup":false,"isNullable":true,"isUnique":false,"isCreateable":false,"isUpdateable":true,"isFilterable":true,"isCalculated":false,"showLabel":false,"naturalOrder":0,"linkedFields":["OwnerId"],"relatedInfos":[],"references":[]},"expression":"OwnerId"},{"@type":"fieldMap","id":"52128199","targetField":{"@type":"field","id":166651105,"name":"CREATEDDATE","type":"datetime","uniqueName":"CREATEDDATE","label":"CREATEDDATE","parentObject":"SF_ACCOUNT - Synchronized.csv","pcType":"DATE","precision":19,"scale":0,"columnIndex":36,"isKey":false,"isExternalId":false,"isSfIdLookup":false,"isNullable":true,"isUnique":false,"isCreateable":false,"isUpdateable":true,"isFilterable":true,"isCalculated":false,"showLabel":false,"naturalOrder":0,"linkedFields":["CreatedDate"],"relatedInfos":[],"references":[]},"expression":"CreatedDate"},{"@type":"fieldMap","id":"52128202","targetField":{"@type":"field","id":166651108,"name":"CREATEDBYID","type":"nstring","uniqueName":"CREATEDBYID","label":"CREATEDBYID","parentObject":"SF_ACCOUNT - Synchronized.csv","pcType":"UNISTRING","precision":18,"scale":0,"columnIndex":37,"isKey":false,"isExternalId":false,"isSfIdLookup":false,"isNullable":true,"isUnique":false,"isCreateable":false,"isUpdateable":true,"isFilterable":true,"isCalculated":false,"showLabel":false,"naturalOrder":0,"linkedFields":["CreatedById"],"relatedInfos":[],"references":[]},"expression":"CreatedById"},{"@type":"fieldMap","id":"52128205","targetField":{"@type":"field","id":166651111,"name":"LASTMODIFIEDDATE","type":"datetime","uniqueName":"LASTMODIFIEDDATE","label":"LASTMODIFIEDDATE","parentObject":"SF_ACCOUNT - Synchronized.csv","pcType":"DATE","precision":19,"scale":0,"columnIndex":38,"isKey":false,"isExternalId":false,"isSfIdLookup":false,"isNullable":true,"isUnique":false,"isCreateable":false,"isUpdateable":true,"isFilterable":true,"isCalculated":false,"showLabel":false,"naturalOrder":0,"linkedFields":["LastModifiedDate"],"relatedInfos":[],"references":[]},"expression":"LastModifiedDate"},{"@type":"fieldMap","id":"52128208","targetField":{"@type":"field","id":166651114,"name":"LASTMODIFIEDBYID","type":"nstring","uniqueName":"LASTMODIFIEDBYID","label":"LASTMODIFIEDBYID","parentObject":"SF_ACCOUNT - Synchronized.csv","pcType":"UNISTRING","precision":18,"scale":0,"columnIndex":39,"isKey":false,"isExternalId":false,"isSfIdLookup":false,"isNullable":true,"isUnique":false,"isCreateable":false,"isUpdateable":true,"isFilterable":true,"isCalculated":false,"showLabel":false,"naturalOrder":0,"linkedFields":["LastModifiedById"],"relatedInfos":[],"references":[]},"expression":"LastModifiedById"},{"@type":"fieldMap","id":"52128211","targetField":{"@type":"field","id":166651117,"name":"SYSTEMMODSTAMP","type":"datetime","uniqueName":"SYSTEMMODSTAMP","label":"SYSTEMMODSTAMP","parentObject":"SF_ACCOUNT - Synchronized.csv","pcType":"DATE","precision":19,"scale":0,"columnIndex":40,"isKey":false,"isExternalId":false,"isSfIdLookup":false,"isNullable":true,"isUnique":false,"isCreateable":false,"isUpdateable":true,"isFilterable":true,"isCalculated":false,"showLabel":false,"naturalOrder":0,"linkedFields":["SystemModstamp"],"relatedInfos":[],"references":[]},"expression":"SystemModstamp"},{"@type":"fieldMap","id":"52128214","targetField":{"@type":"field","id":166651120,"name":"LASTACTIVITYDATE","type":"datetime","uniqueName":"LASTACTIVITYDATE","label":"LASTACTIVITYDATE","parentObject":"SF_ACCOUNT - Synchronized.csv","pcType":"DATE","precision":19,"scale":0,"columnIndex":41,"isKey":false,"isExternalId":false,"isSfIdLookup":false,"isNullable":true,"isUnique":false,"isCreateable":false,"isUpdateable":true,"isFilterable":true,"isCalculated":false,"showLabel":false,"naturalOrder":0,"linkedFields":["LastActivityDate"],"relatedInfos":[],"references":[]},"expression":"LastActivityDate"},{"@type":"fieldMap","id":"52128217","targetField":{"@type":"field","id":166651123,"name":"LASTVIEWEDDATE","type":"datetime","uniqueName":"LASTVIEWEDDATE","label":"LASTVIEWEDDATE","parentObject":"SF_ACCOUNT - Synchronized.csv","pcType":"DATE","precision":19,"scale":0,"columnIndex":42,"isKey":false,"isExternalId":false,"isSfIdLookup":false,"isNullable":true,"isUnique":false,"isCreateable":false,"isUpdateable":true,"isFilterable":true,"isCalculated":false,"showLabel":false,"naturalOrder":0,"linkedFields":["LastViewedDate"],"relatedInfos":[],"references":[]},"expression":"LastViewedDate"},{"@type":"fieldMap","id":"52128220","targetField":{"@type":"field","id":166651126,"name":"LASTREFERENCEDDATE","type":"datetime","uniqueName":"LASTREFERENCEDDATE","label":"LASTREFERENCEDDATE","parentObject":"SF_ACCOUNT - Synchronized.csv","pcType":"DATE","precision":19,"scale":0,"columnIndex":43,"isKey":false,"isExternalId":false,"isSfIdLookup":false,"isNullable":true,"isUnique":false,"isCreateable":false,"isUpdateable":true,"isFilterable":true,"isCalculated":false,"showLabel":false,"naturalOrder":0,"linkedFields":["LastReferencedDate"],"relatedInfos":[],"references":[]},"expression":"LastReferencedDate"},{"@type":"fieldMap","id":"52128223","targetField":{"@type":"field","id":166651129,"name":"JIGSAW","type":"nstring","uniqueName":"JIGSAW","label":"JIGSAW","parentObject":"SF_ACCOUNT - Synchronized.csv","pcType":"UNISTRING","precision":20,"scale":0,"columnIndex":44,"isKey":false,"isExternalId":false,"isSfIdLookup":false,"isNullable":true,"isUnique":false,"isCreateable":false,"isUpdateable":true,"isFilterable":true,"isCalculated":false,"showLabel":false,"naturalOrder":0,"linkedFields":["Jigsaw"],"relatedInfos":[],"references":[]},"expression":"Jigsaw"},{"@type":"fieldMap","id":"52128226","targetField":{"@type":"field","id":166651132,"name":"JIGSAWCOMPANYID","type":"nstring","uniqueName":"JIGSAWCOMPANYID","label":"JIGSAWCOMPANYID","parentObject":"SF_ACCOUNT - Synchronized.csv","pcType":"UNISTRING","precision":20,"scale":0,"columnIndex":45,"isKey":false,"isExternalId":false,"isSfIdLookup":false,"isNullable":true,"isUnique":false,"isCreateable":false,"isUpdateable":true,"isFilterable":true,"isCalculated":false,"showLabel":false,"naturalOrder":0,"linkedFields":["JigsawCompanyId"],"relatedInfos":[],"references":[]},"expression":"JigsawCompanyId"},{"@type":"fieldMap","id":"52128229","targetField":{"@type":"field","id":166651135,"name":"CLEANSTATUS","type":"nstring","uniqueName":"CLEANSTATUS","label":"CLEANSTATUS","parentObject":"SF_ACCOUNT - Synchronized.csv","pcType":"UNISTRING","precision":40,"scale":0,"columnIndex":46,"isKey":false,"isExternalId":false,"isSfIdLookup":false,"isNullable":true,"isUnique":false,"isCreateable":false,"isUpdateable":true,"isFilterable":true,"isCalculated":false,"showLabel":false,"naturalOrder":0,"linkedFields":["CleanStatus"],"relatedInfos":[],"references":[]},"expression":"CleanStatus"},{"@type":"fieldMap","id":"52128232","targetField":{"@type":"field","id":166651138,"name":"ACCOUNTSOURCE","type":"nstring","uniqueName":"ACCOUNTSOURCE","label":"ACCOUNTSOURCE","parentObject":"SF_ACCOUNT - Synchronized.csv","pcType":"UNISTRING","precision":255,"scale":0,"columnIndex":47,"isKey":false,"isExternalId":false,"isSfIdLookup":false,"isNullable":true,"isUnique":false,"isCreateable":false,"isUpdateable":true,"isFilterable":true,"isCalculated":false,"showLabel":false,"naturalOrder":0,"linkedFields":["AccountSource"],"relatedInfos":[],"references":[]},"expression":"AccountSource"},{"@type":"fieldMap","id":"52128235","targetField":{"@type":"field","id":166651141,"name":"DUNSNUMBER","type":"nstring","uniqueName":"DUNSNUMBER","label":"DUNSNUMBER","parentObject":"SF_ACCOUNT - Synchronized.csv","pcType":"UNISTRING","precision":9,"scale":0,"columnIndex":48,"isKey":false,"isExternalId":false,"isSfIdLookup":false,"isNullable":true,"isUnique":false,"isCreateable":false,"isUpdateable":true,"isFilterable":true,"isCalculated":false,"showLabel":false,"naturalOrder":0,"linkedFields":["DunsNumber"],"relatedInfos":[],"references":[]},"expression":"DunsNumber"},{"@type":"fieldMap","id":"52128238","targetField":{"@type":"field","id":166651144,"name":"TRADESTYLE","type":"nstring","uniqueName":"TRADESTYLE","label":"TRADESTYLE","parentObject":"SF_ACCOUNT - Synchronized.csv","pcType":"UNISTRING","precision":255,"scale":0,"columnIndex":49,"isKey":false,"isExternalId":false,"isSfIdLookup":false,"isNullable":true,"isUnique":false,"isCreateable":false,"isUpdateable":true,"isFilterable":true,"isCalculated":false,"showLabel":false,"naturalOrder":0,"linkedFields":["Tradestyle"],"relatedInfos":[],"references":[]},"expression":"Tradestyle"},{"@type":"fieldMap","id":"52128241","targetField":{"@type":"field","id":166651147,"name":"NAICSCODE","type":"nstring","uniqueName":"NAICSCODE","label":"NAICSCODE","parentObject":"SF_ACCOUNT - Synchronized.csv","pcType":"UNISTRING","precision":8,"scale":0,"columnIndex":50,"isKey":false,"isExternalId":false,"isSfIdLookup":false,"isNullable":true,"isUnique":false,"isCreateable":false,"isUpdateable":true,"isFilterable":true,"isCalculated":false,"showLabel":false,"naturalOrder":0,"linkedFields":["NaicsCode"],"relatedInfos":[],"references":[]},"expression":"NaicsCode"},{"@type":"fieldMap","id":"52128244","targetField":{"@type":"field","id":166651150,"name":"NAICSDESC","type":"nstring","uniqueName":"NAICSDESC","label":"NAICSDESC","parentObject":"SF_ACCOUNT - Synchronized.csv","pcType":"UNISTRING","precision":120,"scale":0,"columnIndex":51,"isKey":false,"isExternalId":false,"isSfIdLookup":false,"isNullable":true,"isUnique":false,"isCreateable":false,"isUpdateable":true,"isFilterable":true,"isCalculated":false,"showLabel":false,"naturalOrder":0,"linkedFields":["NaicsDesc"],"relatedInfos":[],"references":[]},"expression":"NaicsDesc"},{"@type":"fieldMap","id":"52128247","targetField":{"@type":"field","id":166651153,"name":"YEARSTARTED","type":"nstring","uniqueName":"YEARSTARTED","label":"YEARSTARTED","parentObject":"SF_ACCOUNT - Synchronized.csv","pcType":"UNISTRING","precision":4,"scale":0,"columnIndex":52,"isKey":false,"isExternalId":false,"isSfIdLookup":false,"isNullable":true,"isUnique":false,"isCreateable":false,"isUpdateable":true,"isFilterable":true,"isCalculated":false,"showLabel":false,"naturalOrder":0,"linkedFields":["YearStarted"],"relatedInfos":[],"references":[]},"expression":"YearStarted"},{"@type":"fieldMap","id":"52128250","targetField":{"@type":"field","id":166651156,"name":"SICDESC","type":"nstring","uniqueName":"SICDESC","label":"SICDESC","parentObject":"SF_ACCOUNT - Synchronized.csv","pcType":"UNISTRING","precision":80,"scale":0,"columnIndex":53,"isKey":false,"isExternalId":false,"isSfIdLookup":false,"isNullable":true,"isUnique":false,"isCreateable":false,"isUpdateable":true,"isFilterable":true,"isCalculated":false,"showLabel":false,"naturalOrder":0,"linkedFields":["SicDesc"],"relatedInfos":[],"references":[]},"expression":"SicDesc"},{"@type":"fieldMap","id":"52128253","targetField":{"@type":"field","id":166651159,"name":"DANDBCOMPANYID","type":"nstring","uniqueName":"DANDBCOMPANYID","label":"DANDBCOMPANYID","parentObject":"SF_ACCOUNT - Synchronized.csv","pcType":"UNISTRING","precision":18,"scale":0,"columnIndex":54,"isKey":false,"isExternalId":false,"isSfIdLookup":false,"isNullable":true,"isUnique":false,"isCreateable":false,"isUpdateable":true,"isFilterable":true,"isCalculated":false,"showLabel":false,"naturalOrder":0,"linkedFields":["DandbCompanyId"],"relatedInfos":[],"references":[]},"expression":"DandbCompanyId"},{"@type":"fieldMap","id":"52128256","targetField":{"@type":"field","id":166651162,"name":"OPERATINGHOURSID","type":"nstring","uniqueName":"OPERATINGHOURSID","label":"OPERATINGHOURSID","parentObject":"SF_ACCOUNT - Synchronized.csv","pcType":"UNISTRING","precision":18,"scale":0,"columnIndex":55,"isKey":false,"isExternalId":false,"isSfIdLookup":false,"isNullable":true,"isUnique":false,"isCreateable":false,"isUpdateable":true,"isFilterable":true,"isCalculated":false,"showLabel":false,"naturalOrder":0,"linkedFields":["OperatingHoursId"],"relatedInfos":[],"references":[]},"expression":"OperatingHoursId"},{"@type":"fieldMap","id":"52128259","targetField":{"@type":"field","id":166651165,"name":"CUSTOMERPRIORITY__C","type":"nstring","uniqueName":"CUSTOMERPRIORITY__C","label":"CUSTOMERPRIORITY__C","parentObject":"SF_ACCOUNT - Synchronized.csv","pcType":"UNISTRING","precision":255,"scale":0,"columnIndex":56,"isKey":false,"isExternalId":false,"isSfIdLookup":false,"isNullable":true,"isUnique":false,"isCreateable":false,"isUpdateable":true,"isFilterable":true,"isCalculated":false,"showLabel":false,"naturalOrder":0,"linkedFields":["CustomerPriority__c"],"relatedInfos":[],"references":[]},"expression":"CustomerPriority__c"},{"@type":"fieldMap","id":"52128262","targetField":{"@type":"field","id":166651168,"name":"SLA__C","type":"nstring","uniqueName":"SLA__C","label":"SLA__C","parentObject":"SF_ACCOUNT - Synchronized.csv","pcType":"UNISTRING","precision":255,"scale":0,"columnIndex":57,"isKey":false,"isExternalId":false,"isSfIdLookup":false,"isNullable":true,"isUnique":false,"isCreateable":false,"isUpdateable":true,"isFilterable":true,"isCalculated":false,"showLabel":false,"naturalOrder":0,"linkedFields":["SLA__c"],"relatedInfos":[],"references":[]},"expression":"SLA__c"},{"@type":"fieldMap","id":"52128265","targetField":{"@type":"field","id":166651171,"name":"ACTIVE__C","type":"nstring","uniqueName":"ACTIVE__C","label":"ACTIVE__C","parentObject":"SF_ACCOUNT - Synchronized.csv","pcType":"UNISTRING","precision":255,"scale":0,"columnIndex":58,"isKey":false,"isExternalId":false,"isSfIdLookup":false,"isNullable":true,"isUnique":false,"isCreateable":false,"isUpdateable":true,"isFilterable":true,"isCalculated":false,"showLabel":false,"naturalOrder":0,"linkedFields":["Active__c"],"relatedInfos":[],"references":[]},"expression":"Active__c"},{"@type":"fieldMap","id":"52128268","targetField":{"@type":"field","id":166651174,"name":"NUMBEROFLOCATIONS__C","type":"number","uniqueName":"NUMBEROFLOCATIONS__C","label":"NUMBEROFLOCATIONS__C","parentObject":"SF_ACCOUNT - Synchronized.csv","pcType":"HIPRECDECIMAL","precision":3,"scale":0,"columnIndex":59,"isKey":false,"isExternalId":false,"isSfIdLookup":false,"isNullable":true,"isUnique":false,"isCreateable":false,"isUpdateable":true,"isFilterable":true,"isCalculated":false,"showLabel":false,"naturalOrder":0,"linkedFields":["NumberofLocations__c"],"relatedInfos":[],"references":[]},"expression":"NumberofLocations__c"},{"@type":"fieldMap","id":"52128271","targetField":{"@type":"field","id":166651177,"name":"UPSELLOPPORTUNITY__C","type":"nstring","uniqueName":"UPSELLOPPORTUNITY__C","label":"UPSELLOPPORTUNITY__C","parentObject":"SF_ACCOUNT - Synchronized.csv","pcType":"UNISTRING","precision":255,"scale":0,"columnIndex":60,"isKey":false,"isExternalId":false,"isSfIdLookup":false,"isNullable":true,"isUnique":false,"isCreateable":false,"isUpdateable":true,"isFilterable":true,"isCalculated":false,"showLabel":false,"naturalOrder":0,"linkedFields":["UpsellOpportunity__c"],"relatedInfos":[],"references":[]},"expression":"UpsellOpportunity__c"},{"@type":"fieldMap","id":"52128274","targetField":{"@type":"field","id":166651180,"name":"SLASERIALNUMBER__C","type":"nstring","uniqueName":"SLASERIALNUMBER__C","label":"SLASERIALNUMBER__C","parentObject":"SF_ACCOUNT - Synchronized.csv","pcType":"UNISTRING","precision":10,"scale":0,"columnIndex":61,"isKey":false,"isExternalId":false,"isSfIdLookup":false,"isNullable":true,"isUnique":false,"isCreateable":false,"isUpdateable":true,"isFilterable":true,"isCalculated":false,"showLabel":false,"naturalOrder":0,"linkedFields":["SLASerialNumber__c"],"relatedInfos":[],"references":[]},"expression":"SLASerialNumber__c"},{"@type":"fieldMap","id":"52128277","targetField":{"@type":"field","id":166651183,"name":"SLAEXPIRATIONDATE__C","type":"datetime","uniqueName":"SLAEXPIRATIONDATE__C","label":"SLAEXPIRATIONDATE__C","parentObject":"SF_ACCOUNT - Synchronized.csv","pcType":"DATE","precision":19,"scale":0,"columnIndex":62,"isKey":false,"isExternalId":false,"isSfIdLookup":false,"isNullable":true,"isUnique":false,"isCreateable":false,"isUpdateable":true,"isFilterable":true,"isCalculated":false,"showLabel":false,"naturalOrder":0,"linkedFields":["SLAExpirationDate__c"],"relatedInfos":[],"references":[]},"expression":"SLAExpirationDate__c"}],"sourceFields":[{"@type":"field","id":166651186,"name":"Id","type":"id","uniqueName":"Id","label":"Account ID","parentObject":"Account","pcType":"STRING","precision":18,"scale":0,"columnIndex":0,"isKey":true,"isExternalId":false,"isSfIdLookup":true,"isNullable":false,"isUnique":false,"isCreateable":false,"isUpdateable":false,"isFilterable":true,"isCalculated":false,"showLabel":true,"naturalOrder":0,"linkedFields":["ID"],"relatedInfos":[],"references":[]},{"@type":"field","id":166651189,"name":"IsDeleted","type":"boolean","uniqueName":"IsDeleted","label":"Deleted","parentObject":"Account","pcType":"INT","precision":10,"scale":0,"columnIndex":1,"isKey":false,"isExternalId":false,"isSfIdLookup":false,"isNullable":false,"isUnique":false,"isCreateable":false,"isUpdateable":false,"isFilterable":true,"isCalculated":false,"showLabel":true,"naturalOrder":1,"linkedFields":["ISDELETED"],"relatedInfos":[],"references":[]},{"@type":"field","id":166651192,"name":"MasterRecordId","type":"reference","uniqueName":"MasterRecordId","label":"Master Record ID","parentObject":"Account","pcType":"STRING","precision":18,"scale":0,"columnIndex":2,"isKey":false,"isExternalId":false,"isSfIdLookup":false,"isNullable":true,"isUnique":false,"isCreateable":false,"isUpdateable":false,"isFilterable":true,"isCalculated":false,"showLabel":true,"naturalOrder":2,"linkedFields":["MASTERRECORDID"],"relatedInfos":[{"@type":"fieldRelatedInfo","id":6909259,"referenceObject":"Account","relationshipName":"MasterRecord","referenceField":{"@type":"field","id":-1,"precision":0,"scale":0,"columnIndex":-1,"isKey":false,"isExternalId":false,"isSfIdLookup":false,"isNullable":true,"isUnique":false,"isCreateable":false,"isUpdateable":true,"isFilterable":true,"isCalculated":false,"showLabel":true,"naturalOrder":0,"linkedFields":[],"relatedInfos":[],"references":[]}}],"references":[]},{"@type":"field","id":166651195,"name":"Name","type":"string","uniqueName":"Name","label":"Account Name","parentObject":"Account","pcType":"STRING","precision":255,"scale":0,"columnIndex":3,"isKey":false,"isExternalId":false,"isSfIdLookup":false,"isNullable":false,"isUnique":false,"isCreateable":true,"isUpdateable":true,"isFilterable":true,"isCalculated":false,"showLabel":true,"naturalOrder":3,"linkedFields":["NAME"],"relatedInfos":[],"references":[]},{"@type":"field","id":166651198,"name":"Type","type":"picklist","uniqueName":"Type","label":"Account Type","parentObject":"Account","pcType":"STRING","precision":255,"scale":0,"columnIndex":4,"isKey":false,"isExternalId":false,"isSfIdLookup":false,"isNullable":true,"isUnique":false,"isCreateable":true,"isUpdateable":true,"isFilterable":true,"isCalculated":false,"showLabel":true,"naturalOrder":4,"linkedFields":["TYPE"],"relatedInfos":[],"references":[]},{"@type":"field","id":166651201,"name":"ParentId","type":"reference","uniqueName":"ParentId","label":"Parent Account ID","parentObject":"Account","pcType":"STRING","precision":18,"scale":0,"columnIndex":5,"isKey":false,"isExternalId":false,"isSfIdLookup":false,"isNullable":true,"isUnique":false,"isCreateable":true,"isUpdateable":true,"isFilterable":true,"isCalculated":false,"showLabel":true,"naturalOrder":5,"linkedFields":["PARENTID"],"relatedInfos":[{"@type":"fieldRelatedInfo","id":6909262,"referenceObject":"Account","relationshipName":"Parent","referenceField":{"@type":"field","id":-1,"precision":0,"scale":0,"columnIndex":-1,"isKey":false,"isExternalId":false,"isSfIdLookup":false,"isNullable":true,"isUnique":false,"isCreateable":false,"isUpdateable":true,"isFilterable":true,"isCalculated":false,"showLabel":true,"naturalOrder":0,"linkedFields":[],"relatedInfos":[],"references":[]}}],"references":[]},{"@type":"field","id":166651204,"name":"BillingStreet","type":"textarea","uniqueName":"BillingStreet","label":"Billing Street","parentObject":"Account","pcType":"STRING","precision":255,"scale":0,"columnIndex":6,"isKey":false,"isExternalId":false,"isSfIdLookup":false,"isNullable":true,"isUnique":false,"isCreateable":true,"isUpdateable":true,"isFilterable":true,"isCalculated":false,"showLabel":true,"naturalOrder":6,"linkedFields":["BILLINGSTREET"],"relatedInfos":[],"references":[]},{"@type":"field","id":166651207,"name":"BillingCity","type":"string","uniqueName":"BillingCity","label":"Billing City","parentObject":"Account","pcType":"STRING","precision":40,"scale":0,"columnIndex":7,"isKey":false,"isExternalId":false,"isSfIdLookup":false,"isNullable":true,"isUnique":false,"isCreateable":true,"isUpdateable":true,"isFilterable":true,"isCalculated":false,"showLabel":true,"naturalOrder":7,"linkedFields":["BILLINGCITY"],"relatedInfos":[],"references":[]},{"@type":"field","id":166651210,"name":"BillingState","type":"string","uniqueName":"BillingState","label":"Billing State/Province","parentObject":"Account","pcType":"STRING","precision":80,"scale":0,"columnIndex":8,"isKey":false,"isExternalId":false,"isSfIdLookup":false,"isNullable":true,"isUnique":false,"isCreateable":true,"isUpdateable":true,"isFilterable":true,"isCalculated":false,"showLabel":true,"naturalOrder":8,"linkedFields":["BILLINGSTATE"],"relatedInfos":[],"references":[]},{"@type":"field","id":166651213,"name":"BillingPostalCode","type":"string","uniqueName":"BillingPostalCode","label":"Billing Zip/Postal Code","parentObject":"Account","pcType":"STRING","precision":20,"scale":0,"columnIndex":9,"isKey":false,"isExternalId":false,"isSfIdLookup":false,"isNullable":true,"isUnique":false,"isCreateable":true,"isUpdateable":true,"isFilterable":true,"isCalculated":false,"showLabel":true,"naturalOrder":9,"linkedFields":["BILLINGPOSTALCODE"],"relatedInfos":[],"references":[]},{"@type":"field","id":166651216,"name":"BillingCountry","type":"string","uniqueName":"BillingCountry","label":"Billing Country","parentObject":"Account","pcType":"STRING","precision":80,"scale":0,"columnIndex":10,"isKey":false,"isExternalId":false,"isSfIdLookup":false,"isNullable":true,"isUnique":false,"isCreateable":true,"isUpdateable":true,"isFilterable":true,"isCalculated":false,"showLabel":true,"naturalOrder":10,"linkedFields":["BILLINGCOUNTRY"],"relatedInfos":[],"references":[]},{"@type":"field","id":166651219,"name":"BillingLatitude","type":"double","uniqueName":"BillingLatitude","label":"Billing Latitude","parentObject":"Account","pcType":"HIPRECDECIMAL","precision":18,"scale":15,"columnIndex":11,"isKey":false,"isExternalId":false,"isSfIdLookup":false,"isNullable":true,"isUnique":false,"isCreateable":true,"isUpdateable":true,"isFilterable":true,"isCalculated":false,"showLabel":true,"naturalOrder":11,"linkedFields":["BILLINGLATITUDE"],"relatedInfos":[],"references":[]},{"@type":"field","id":166651222,"name":"BillingLongitude","type":"double","uniqueName":"BillingLongitude","label":"Billing Longitude","parentObject":"Account","pcType":"HIPRECDECIMAL","precision":18,"scale":15,"columnIndex":12,"isKey":false,"isExternalId":false,"isSfIdLookup":false,"isNullable":true,"isUnique":false,"isCreateable":true,"isUpdateable":true,"isFilterable":true,"isCalculated":false,"showLabel":true,"naturalOrder":12,"linkedFields":["BILLINGLONGITUDE"],"relatedInfos":[],"references":[]},{"@type":"field","id":166651225,"name":"BillingGeocodeAccuracy","type":"picklist","uniqueName":"BillingGeocodeAccuracy","label":"Billing Geocode Accuracy","parentObject":"Account","pcType":"STRING","precision":40,"scale":0,"columnIndex":13,"isKey":false,"isExternalId":false,"isSfIdLookup":false,"isNullable":true,"isUnique":false,"isCreateable":true,"isUpdateable":true,"isFilterable":true,"isCalculated":false,"showLabel":true,"naturalOrder":13,"linkedFields":["BILLINGGEOCODEACCURACY"],"relatedInfos":[],"references":[]},{"@type":"field","id":166651228,"name":"ShippingStreet","type":"textarea","uniqueName":"ShippingStreet","label":"Shipping Street","parentObject":"Account","pcType":"STRING","precision":255,"scale":0,"columnIndex":14,"isKey":false,"isExternalId":false,"isSfIdLookup":false,"isNullable":true,"isUnique":false,"isCreateable":true,"isUpdateable":true,"isFilterable":true,"isCalculated":false,"showLabel":true,"naturalOrder":14,"linkedFields":["SHIPPINGSTREET"],"relatedInfos":[],"references":[]},{"@type":"field","id":166651231,"name":"ShippingCity","type":"string","uniqueName":"ShippingCity","label":"Shipping City","parentObject":"Account","pcType":"STRING","precision":40,"scale":0,"columnIndex":15,"isKey":false,"isExternalId":false,"isSfIdLookup":false,"isNullable":true,"isUnique":false,"isCreateable":true,"isUpdateable":true,"isFilterable":true,"isCalculated":false,"showLabel":true,"naturalOrder":15,"linkedFields":["SHIPPINGCITY"],"relatedInfos":[],"references":[]},{"@type":"field","id":166651234,"name":"ShippingState","type":"string","uniqueName":"ShippingState","label":"Shipping State/Province","parentObject":"Account","pcType":"STRING","precision":80,"scale":0,"columnIndex":16,"isKey":false,"isExternalId":false,"isSfIdLookup":false,"isNullable":true,"isUnique":false,"isCreateable":true,"isUpdateable":true,"isFilterable":true,"isCalculated":false,"showLabel":true,"naturalOrder":16,"linkedFields":["SHIPPINGSTATE"],"relatedInfos":[],"references":[]},{"@type":"field","id":166651237,"name":"ShippingPostalCode","type":"string","uniqueName":"ShippingPostalCode","label":"Shipping Zip/Postal Code","parentObject":"Account","pcType":"STRING","precision":20,"scale":0,"columnIndex":17,"isKey":false,"isExternalId":false,"isSfIdLookup":false,"isNullable":true,"isUnique":false,"isCreateable":true,"isUpdateable":true,"isFilterable":true,"isCalculated":false,"showLabel":true,"naturalOrder":17,"linkedFields":["SHIPPINGPOSTALCODE"],"relatedInfos":[],"references":[]},{"@type":"field","id":166651240,"name":"ShippingCountry","type":"string","uniqueName":"ShippingCountry","label":"Shipping Country","parentObject":"Account","pcType":"STRING","precision":80,"scale":0,"columnIndex":18,"isKey":false,"isExternalId":false,"isSfIdLookup":false,"isNullable":true,"isUnique":false,"isCreateable":true,"isUpdateable":true,"isFilterable":true,"isCalculated":false,"showLabel":true,"naturalOrder":18,"linkedFields":["SHIPPINGCOUNTRY"],"relatedInfos":[],"references":[]},{"@type":"field","id":166651243,"name":"ShippingLatitude","type":"double","uniqueName":"ShippingLatitude","label":"Shipping Latitude","parentObject":"Account","pcType":"HIPRECDECIMAL","precision":18,"scale":15,"columnIndex":19,"isKey":false,"isExternalId":false,"isSfIdLookup":false,"isNullable":true,"isUnique":false,"isCreateable":true,"isUpdateable":true,"isFilterable":true,"isCalculated":false,"showLabel":true,"naturalOrder":19,"linkedFields":["SHIPPINGLATITUDE"],"relatedInfos":[],"references":[]},{"@type":"field","id":166651246,"name":"ShippingLongitude","type":"double","uniqueName":"ShippingLongitude","label":"Shipping Longitude","parentObject":"Account","pcType":"HIPRECDECIMAL","precision":18,"scale":15,"columnIndex":20,"isKey":false,"isExternalId":false,"isSfIdLookup":false,"isNullable":true,"isUnique":false,"isCreateable":true,"isUpdateable":true,"isFilterable":true,"isCalculated":false,"showLabel":true,"naturalOrder":20,"linkedFields":["SHIPPINGLONGITUDE"],"relatedInfos":[],"references":[]},{"@type":"field","id":166651249,"name":"ShippingGeocodeAccuracy","type":"picklist","uniqueName":"ShippingGeocodeAccuracy","label":"Shipping Geocode Accuracy","parentObject":"Account","pcType":"STRING","precision":40,"scale":0,"columnIndex":21,"isKey":false,"isExternalId":false,"isSfIdLookup":false,"isNullable":true,"isUnique":false,"isCreateable":true,"isUpdateable":true,"isFilterable":true,"isCalculated":false,"showLabel":true,"naturalOrder":21,"linkedFields":["SHIPPINGGEOCODEACCURACY"],"relatedInfos":[],"references":[]},{"@type":"field","id":166651252,"name":"Phone","type":"phone","uniqueName":"Phone","label":"Account Phone","parentObject":"Account","pcType":"STRING","precision":40,"scale":0,"columnIndex":22,"isKey":false,"isExternalId":false,"isSfIdLookup":false,"isNullable":true,"isUnique":false,"isCreateable":true,"isUpdateable":true,"isFilterable":true,"isCalculated":false,"showLabel":true,"naturalOrder":22,"linkedFields":["PHONE"],"relatedInfos":[],"references":[]},{"@type":"field","id":166651255,"name":"Fax","type":"phone","uniqueName":"Fax","label":"Account Fax","parentObject":"Account","pcType":"STRING","precision":40,"scale":0,"columnIndex":23,"isKey":false,"isExternalId":false,"isSfIdLookup":false,"isNullable":true,"isUnique":false,"isCreateable":true,"isUpdateable":true,"isFilterable":true,"isCalculated":false,"showLabel":true,"naturalOrder":23,"linkedFields":["FAX"],"relatedInfos":[],"references":[]},{"@type":"field","id":166651258,"name":"AccountNumber","type":"string","uniqueName":"AccountNumber","label":"Account Number","parentObject":"Account","pcType":"STRING","precision":40,"scale":0,"columnIndex":24,"isKey":false,"isExternalId":false,"isSfIdLookup":false,"isNullable":true,"isUnique":false,"isCreateable":true,"isUpdateable":true,"isFilterable":true,"isCalculated":false,"showLabel":true,"naturalOrder":24,"linkedFields":["ACCOUNTNUMBER"],"relatedInfos":[],"references":[]},{"@type":"field","id":166651261,"name":"Website","type":"url","uniqueName":"Website","label":"Website","parentObject":"Account","pcType":"STRING","precision":255,"scale":0,"columnIndex":25,"isKey":false,"isExternalId":false,"isSfIdLookup":false,"isNullable":true,"isUnique":false,"isCreateable":true,"isUpdateable":true,"isFilterable":true,"isCalculated":false,"showLabel":true,"naturalOrder":25,"linkedFields":["WEBSITE"],"relatedInfos":[],"references":[]},{"@type":"field","id":166651264,"name":"PhotoUrl","type":"url","uniqueName":"PhotoUrl","label":"Photo URL","parentObject":"Account","pcType":"STRING","precision":255,"scale":0,"columnIndex":26,"isKey":false,"isExternalId":false,"isSfIdLookup":false,"isNullable":true,"isUnique":false,"isCreateable":false,"isUpdateable":false,"isFilterable":true,"isCalculated":false,"showLabel":true,"naturalOrder":26,"linkedFields":["PHOTOURL"],"relatedInfos":[],"references":[]},{"@type":"field","id":166651267,"name":"Sic","type":"string","uniqueName":"Sic","label":"SIC Code","parentObject":"Account","pcType":"STRING","precision":20,"scale":0,"columnIndex":27,"isKey":false,"isExternalId":false,"isSfIdLookup":false,"isNullable":true,"isUnique":false,"isCreateable":true,"isUpdateable":true,"isFilterable":true,"isCalculated":false,"showLabel":true,"naturalOrder":27,"linkedFields":["SIC"],"relatedInfos":[],"references":[]},{"@type":"field","id":166651270,"name":"Industry","type":"picklist","uniqueName":"Industry","label":"Industry","parentObject":"Account","pcType":"STRING","precision":255,"scale":0,"columnIndex":28,"isKey":false,"isExternalId":false,"isSfIdLookup":false,"isNullable":true,"isUnique":false,"isCreateable":true,"isUpdateable":true,"isFilterable":true,"isCalculated":false,"showLabel":true,"naturalOrder":28,"linkedFields":["INDUSTRY"],"relatedInfos":[],"references":[]},{"@type":"field","id":166651273,"name":"AnnualRevenue","type":"currency","uniqueName":"AnnualRevenue","label":"Annual Revenue","parentObject":"Account","pcType":"HIPRECDECIMAL","precision":18,"scale":0,"columnIndex":29,"isKey":false,"isExternalId":false,"isSfIdLookup":false,"isNullable":true,"isUnique":false,"isCreateable":true,"isUpdateable":true,"isFilterable":true,"isCalculated":false,"showLabel":true,"naturalOrder":29,"linkedFields":["ANNUALREVENUE"],"relatedInfos":[],"references":[]},{"@type":"field","id":166651276,"name":"NumberOfEmployees","type":"int","uniqueName":"NumberOfEmployees","label":"Employees","parentObject":"Account","pcType":"INT","precision":10,"scale":0,"columnIndex":30,"isKey":false,"isExternalId":false,"isSfIdLookup":false,"isNullable":true,"isUnique":false,"isCreateable":true,"isUpdateable":true,"isFilterable":true,"isCalculated":false,"showLabel":true,"naturalOrder":30,"linkedFields":["NUMBEROFEMPLOYEES"],"relatedInfos":[],"references":[]},{"@type":"field","id":166651279,"name":"Ownership","type":"picklist","uniqueName":"Ownership","label":"Ownership","parentObject":"Account","pcType":"STRING","precision":255,"scale":0,"columnIndex":31,"isKey":false,"isExternalId":false,"isSfIdLookup":false,"isNullable":true,"isUnique":false,"isCreateable":true,"isUpdateable":true,"isFilterable":true,"isCalculated":false,"showLabel":true,"naturalOrder":31,"linkedFields":["OWNERSHIP"],"relatedInfos":[],"references":[]},{"@type":"field","id":166651282,"name":"TickerSymbol","type":"string","uniqueName":"TickerSymbol","label":"Ticker Symbol","parentObject":"Account","pcType":"STRING","precision":20,"scale":0,"columnIndex":32,"isKey":false,"isExternalId":false,"isSfIdLookup":false,"isNullable":true,"isUnique":false,"isCreateable":true,"isUpdateable":true,"isFilterable":true,"isCalculated":false,"showLabel":true,"naturalOrder":32,"linkedFields":["TICKERSYMBOL"],"relatedInfos":[],"references":[]},{"@type":"field","id":166651285,"name":"Description","type":"textarea","uniqueName":"Description","label":"Account Description","parentObject":"Account","pcType":"STRING","precision":32000,"scale":0,"columnIndex":33,"isKey":false,"isExternalId":false,"isSfIdLookup":false,"isNullable":true,"isUnique":false,"isCreateable":true,"isUpdateable":true,"isFilterable":false,"isCalculated":false,"showLabel":true,"naturalOrder":33,"linkedFields":["DESCRIPTION"],"relatedInfos":[],"references":[]},{"@type":"field","id":166651288,"name":"Rating","type":"picklist","uniqueName":"Rating","label":"Account Rating","parentObject":"Account","pcType":"STRING","precision":255,"scale":0,"columnIndex":34,"isKey":false,"isExternalId":false,"isSfIdLookup":false,"isNullable":true,"isUnique":false,"isCreateable":true,"isUpdateable":true,"isFilterable":true,"isCalculated":false,"showLabel":true,"naturalOrder":34,"linkedFields":["RATING"],"relatedInfos":[],"references":[]},{"@type":"field","id":166651291,"name":"Site","type":"string","uniqueName":"Site","label":"Account Site","parentObject":"Account","pcType":"STRING","precision":80,"scale":0,"columnIndex":35,"isKey":false,"isExternalId":false,"isSfIdLookup":false,"isNullable":true,"isUnique":false,"isCreateable":true,"isUpdateable":true,"isFilterable":true,"isCalculated":false,"showLabel":true,"naturalOrder":35,"linkedFields":[],"relatedInfos":[],"references":[]},{"@type":"field","id":166651294,"name":"OwnerId","type":"reference","uniqueName":"OwnerId","label":"Owner ID","parentObject":"Account","pcType":"STRING","precision":18,"scale":0,"columnIndex":36,"isKey":false,"isExternalId":false,"isSfIdLookup":false,"isNullable":false,"isUnique":false,"isCreateable":true,"isUpdateable":true,"isFilterable":true,"isCalculated":false,"showLabel":true,"naturalOrder":36,"linkedFields":["OWNERID"],"relatedInfos":[{"@type":"fieldRelatedInfo","id":6909265,"referenceObject":"User","relationshipName":"Owner","referenceField":{"@type":"field","id":-1,"precision":0,"scale":0,"columnIndex":-1,"isKey":false,"isExternalId":false,"isSfIdLookup":false,"isNullable":true,"isUnique":false,"isCreateable":false,"isUpdateable":true,"isFilterable":true,"isCalculated":false,"showLabel":true,"naturalOrder":0,"linkedFields":[],"relatedInfos":[],"references":[]}}],"references":[]},{"@type":"field","id":166651297,"name":"CreatedDate","type":"datetime","uniqueName":"CreatedDate","label":"Created Date","parentObject":"Account","pcType":"DATE","precision":24,"scale":0,"columnIndex":37,"isKey":false,"isExternalId":false,"isSfIdLookup":false,"isNullable":false,"isUnique":false,"isCreateable":false,"isUpdateable":false,"isFilterable":true,"isCalculated":false,"showLabel":true,"naturalOrder":37,"linkedFields":["CREATEDDATE"],"relatedInfos":[],"references":[]},{"@type":"field","id":166651300,"name":"CreatedById","type":"reference","uniqueName":"CreatedById","label":"Created By ID","parentObject":"Account","pcType":"STRING","precision":18,"scale":0,"columnIndex":38,"isKey":false,"isExternalId":false,"isSfIdLookup":false,"isNullable":false,"isUnique":false,"isCreateable":false,"isUpdateable":false,"isFilterable":true,"isCalculated":false,"showLabel":true,"naturalOrder":38,"linkedFields":["CREATEDBYID"],"relatedInfos":[{"@type":"fieldRelatedInfo","id":6909268,"referenceObject":"User","relationshipName":"CreatedBy","referenceField":{"@type":"field","id":-1,"precision":0,"scale":0,"columnIndex":-1,"isKey":false,"isExternalId":false,"isSfIdLookup":false,"isNullable":true,"isUnique":false,"isCreateable":false,"isUpdateable":true,"isFilterable":true,"isCalculated":false,"showLabel":true,"naturalOrder":0,"linkedFields":[],"relatedInfos":[],"references":[]}}],"references":[]},{"@type":"field","id":166651303,"name":"LastModifiedDate","type":"datetime","uniqueName":"LastModifiedDate","label":"Last Modified Date","parentObject":"Account","pcType":"DATE","precision":24,"scale":0,"columnIndex":39,"isKey":false,"isExternalId":false,"isSfIdLookup":false,"isNullable":false,"isUnique":false,"isCreateable":false,"isUpdateable":false,"isFilterable":true,"isCalculated":false,"showLabel":true,"naturalOrder":39,"linkedFields":["LASTMODIFIEDDATE"],"relatedInfos":[],"references":[]},{"@type":"field","id":166651306,"name":"LastModifiedById","type":"reference","uniqueName":"LastModifiedById","label":"Last Modified By ID","parentObject":"Account","pcType":"STRING","precision":18,"scale":0,"columnIndex":40,"isKey":false,"isExternalId":false,"isSfIdLookup":false,"isNullable":false,"isUnique":false,"isCreateable":false,"isUpdateable":false,"isFilterable":true,"isCalculated":false,"showLabel":true,"naturalOrder":40,"linkedFields":["LASTMODIFIEDBYID"],"relatedInfos":[{"@type":"fieldRelatedInfo","id":6909271,"referenceObject":"User","relationshipName":"LastModifiedBy","referenceField":{"@type":"field","id":-1,"precision":0,"scale":0,"columnIndex":-1,"isKey":false,"isExternalId":false,"isSfIdLookup":false,"isNullable":true,"isUnique":false,"isCreateable":false,"isUpdateable":true,"isFilterable":true,"isCalculated":false,"showLabel":true,"naturalOrder":0,"linkedFields":[],"relatedInfos":[],"references":[]}}],"references":[]},{"@type":"field","id":166651309,"name":"SystemModstamp","type":"datetime","uniqueName":"SystemModstamp","label":"System Modstamp","parentObject":"Account","pcType":"DATE","precision":24,"scale":0,"columnIndex":41,"isKey":false,"isExternalId":false,"isSfIdLookup":false,"isNullable":false,"isUnique":false,"isCreateable":false,"isUpdateable":false,"isFilterable":true,"isCalculated":false,"showLabel":true,"naturalOrder":41,"linkedFields":["SYSTEMMODSTAMP"],"relatedInfos":[],"references":[]},{"@type":"field","id":166651312,"name":"LastActivityDate","type":"date","uniqueName":"LastActivityDate","label":"Last Activity","parentObject":"Account","pcType":"DATE","precision":10,"scale":0,"columnIndex":42,"isKey":false,"isExternalId":false,"isSfIdLookup":false,"isNullable":true,"isUnique":false,"isCreateable":false,"isUpdateable":false,"isFilterable":true,"isCalculated":false,"showLabel":true,"naturalOrder":42,"linkedFields":["LASTACTIVITYDATE"],"relatedInfos":[],"references":[]},{"@type":"field","id":166651315,"name":"LastViewedDate","type":"datetime","uniqueName":"LastViewedDate","label":"Last Viewed Date","parentObject":"Account","pcType":"DATE","precision":24,"scale":0,"columnIndex":43,"isKey":false,"isExternalId":false,"isSfIdLookup":false,"isNullable":true,"isUnique":false,"isCreateable":false,"isUpdateable":false,"isFilterable":true,"isCalculated":false,"showLabel":true,"naturalOrder":43,"linkedFields":["LASTVIEWEDDATE"],"relatedInfos":[],"references":[]},{"@type":"field","id":166651318,"name":"LastReferencedDate","type":"datetime","uniqueName":"LastReferencedDate","label":"Last Referenced Date","parentObject":"Account","pcType":"DATE","precision":24,"scale":0,"columnIndex":44,"isKey":false,"isExternalId":false,"isSfIdLookup":false,"isNullable":true,"isUnique":false,"isCreateable":false,"isUpdateable":false,"isFilterable":true,"isCalculated":false,"showLabel":true,"naturalOrder":44,"linkedFields":["LASTREFERENCEDDATE"],"relatedInfos":[],"references":[]},{"@type":"field","id":166651321,"name":"Jigsaw","type":"string","uniqueName":"Jigsaw","label":"Data.com Key","parentObject":"Account","pcType":"STRING","precision":20,"scale":0,"columnIndex":45,"isKey":false,"isExternalId":false,"isSfIdLookup":false,"isNullable":true,"isUnique":false,"isCreateable":true,"isUpdateable":true,"isFilterable":true,"isCalculated":false,"showLabel":true,"naturalOrder":45,"linkedFields":["JIGSAW"],"relatedInfos":[],"references":[]},{"@type":"field","id":166651324,"name":"JigsawCompanyId","type":"string","uniqueName":"JigsawCompanyId","label":"Jigsaw Company ID","parentObject":"Account","pcType":"STRING","precision":20,"scale":0,"columnIndex":46,"isKey":false,"isExternalId":false,"isSfIdLookup":false,"isNullable":true,"isUnique":false,"isCreateable":false,"isUpdateable":false,"isFilterable":true,"isCalculated":false,"showLabel":true,"naturalOrder":46,"linkedFields":["JIGSAWCOMPANYID"],"relatedInfos":[],"references":[]},{"@type":"field","id":166651327,"name":"CleanStatus","type":"picklist","uniqueName":"CleanStatus","label":"Clean Status","parentObject":"Account","pcType":"STRING","precision":40,"scale":0,"columnIndex":47,"isKey":false,"isExternalId":false,"isSfIdLookup":false,"isNullable":true,"isUnique":false,"isCreateable":true,"isUpdateable":true,"isFilterable":true,"isCalculated":false,"showLabel":true,"naturalOrder":47,"linkedFields":["CLEANSTATUS"],"relatedInfos":[],"references":[]},{"@type":"field","id":166651330,"name":"AccountSource","type":"picklist","uniqueName":"AccountSource","label":"Account Source","parentObject":"Account","pcType":"STRING","precision":255,"scale":0,"columnIndex":48,"isKey":false,"isExternalId":false,"isSfIdLookup":false,"isNullable":true,"isUnique":false,"isCreateable":true,"isUpdateable":true,"isFilterable":true,"isCalculated":false,"showLabel":true,"naturalOrder":48,"linkedFields":["ACCOUNTSOURCE"],"relatedInfos":[],"references":[]},{"@type":"field","id":166651333,"name":"DunsNumber","type":"string","uniqueName":"DunsNumber","label":"D-U-N-S Number","parentObject":"Account","pcType":"STRING","precision":9,"scale":0,"columnIndex":49,"isKey":false,"isExternalId":false,"isSfIdLookup":false,"isNullable":true,"isUnique":false,"isCreateable":true,"isUpdateable":true,"isFilterable":true,"isCalculated":false,"showLabel":true,"naturalOrder":49,"linkedFields":["DUNSNUMBER"],"relatedInfos":[],"references":[]},{"@type":"field","id":166651336,"name":"Tradestyle","type":"string","uniqueName":"Tradestyle","label":"Tradestyle","parentObject":"Account","pcType":"STRING","precision":255,"scale":0,"columnIndex":50,"isKey":false,"isExternalId":false,"isSfIdLookup":false,"isNullable":true,"isUnique":false,"isCreateable":true,"isUpdateable":true,"isFilterable":true,"isCalculated":false,"showLabel":true,"naturalOrder":50,"linkedFields":["TRADESTYLE"],"relatedInfos":[],"references":[]},{"@type":"field","id":166651339,"name":"NaicsCode","type":"string","uniqueName":"NaicsCode","label":"NAICS Code","parentObject":"Account","pcType":"STRING","precision":8,"scale":0,"columnIndex":51,"isKey":false,"isExternalId":false,"isSfIdLookup":false,"isNullable":true,"isUnique":false,"isCreateable":true,"isUpdateable":true,"isFilterable":true,"isCalculated":false,"showLabel":true,"naturalOrder":51,"linkedFields":["NAICSCODE"],"relatedInfos":[],"references":[]},{"@type":"field","id":166651342,"name":"NaicsDesc","type":"string","uniqueName":"NaicsDesc","label":"NAICS Description","parentObject":"Account","pcType":"STRING","precision":120,"scale":0,"columnIndex":52,"isKey":false,"isExternalId":false,"isSfIdLookup":false,"isNullable":true,"isUnique":false,"isCreateable":true,"isUpdateable":true,"isFilterable":true,"isCalculated":false,"showLabel":true,"naturalOrder":52,"linkedFields":["NAICSDESC"],"relatedInfos":[],"references":[]},{"@type":"field","id":166651345,"name":"YearStarted","type":"string","uniqueName":"YearStarted","label":"Year Started","parentObject":"Account","pcType":"STRING","precision":4,"scale":0,"columnIndex":53,"isKey":false,"isExternalId":false,"isSfIdLookup":false,"isNullable":true,"isUnique":false,"isCreateable":true,"isUpdateable":true,"isFilterable":true,"isCalculated":false,"showLabel":true,"naturalOrder":53,"linkedFields":["YEARSTARTED"],"relatedInfos":[],"references":[]},{"@type":"field","id":166651348,"name":"SicDesc","type":"string","uniqueName":"SicDesc","label":"SIC Description","parentObject":"Account","pcType":"STRING","precision":80,"scale":0,"columnIndex":54,"isKey":false,"isExternalId":false,"isSfIdLookup":false,"isNullable":true,"isUnique":false,"isCreateable":true,"isUpdateable":true,"isFilterable":true,"isCalculated":false,"showLabel":true,"naturalOrder":54,"linkedFields":["SICDESC"],"relatedInfos":[],"references":[]},{"@type":"field","id":166651351,"name":"DandbCompanyId","type":"reference","uniqueName":"DandbCompanyId","label":"D&B Company ID","parentObject":"Account","pcType":"STRING","precision":18,"scale":0,"columnIndex":55,"isKey":false,"isExternalId":false,"isSfIdLookup":false,"isNullable":true,"isUnique":false,"isCreateable":true,"isUpdateable":true,"isFilterable":true,"isCalculated":false,"showLabel":true,"naturalOrder":55,"linkedFields":["DANDBCOMPANYID"],"relatedInfos":[{"@type":"fieldRelatedInfo","id":6909274,"referenceObject":"DandBCompany","relationshipName":"DandbCompany","referenceField":{"@type":"field","id":-1,"precision":0,"scale":0,"columnIndex":-1,"isKey":false,"isExternalId":false,"isSfIdLookup":false,"isNullable":true,"isUnique":false,"isCreateable":false,"isUpdateable":true,"isFilterable":true,"isCalculated":false,"showLabel":true,"naturalOrder":0,"linkedFields":[],"relatedInfos":[],"references":[]}}],"references":[]},{"@type":"field","id":166651354,"name":"OperatingHoursId","type":"reference","uniqueName":"OperatingHoursId","label":"Operating Hour ID","parentObject":"Account","pcType":"STRING","precision":18,"scale":0,"columnIndex":56,"isKey":false,"isExternalId":false,"isSfIdLookup":false,"isNullable":true,"isUnique":false,"isCreateable":true,"isUpdateable":true,"isFilterable":true,"isCalculated":false,"showLabel":true,"naturalOrder":56,"linkedFields":["OPERATINGHOURSID"],"relatedInfos":[{"@type":"fieldRelatedInfo","id":6909277,"referenceObject":"OperatingHours","relationshipName":"OperatingHours","referenceField":{"@type":"field","id":-1,"precision":0,"scale":0,"columnIndex":-1,"isKey":false,"isExternalId":false,"isSfIdLookup":false,"isNullable":true,"isUnique":false,"isCreateable":false,"isUpdateable":true,"isFilterable":true,"isCalculated":false,"showLabel":true,"naturalOrder":0,"linkedFields":[],"relatedInfos":[],"references":[]}}],"references":[]},{"@type":"field","id":166651357,"name":"CustomerPriority__c","type":"picklist","uniqueName":"CustomerPriority__c","label":"Customer Priority","parentObject":"Account","pcType":"STRING","precision":255,"scale":0,"columnIndex":57,"isKey":false,"isExternalId":false,"isSfIdLookup":false,"isNullable":true,"isUnique":false,"isCreateable":true,"isUpdateable":true,"isFilterable":true,"isCalculated":false,"showLabel":true,"naturalOrder":57,"linkedFields":["CUSTOMERPRIORITY__C"],"relatedInfos":[],"references":[]},{"@type":"field","id":166651360,"name":"SLA__c","type":"picklist","uniqueName":"SLA__c","label":"SLA","parentObject":"Account","pcType":"STRING","precision":255,"scale":0,"columnIndex":58,"isKey":false,"isExternalId":false,"isSfIdLookup":false,"isNullable":true,"isUnique":false,"isCreateable":true,"isUpdateable":true,"isFilterable":true,"isCalculated":false,"showLabel":true,"naturalOrder":58,"linkedFields":["SLA__C"],"relatedInfos":[],"references":[]},{"@type":"field","id":166651363,"name":"Active__c","type":"picklist","uniqueName":"Active__c","label":"Active","parentObject":"Account","pcType":"STRING","precision":255,"scale":0,"columnIndex":59,"isKey":false,"isExternalId":false,"isSfIdLookup":false,"isNullable":true,"isUnique":false,"isCreateable":true,"isUpdateable":true,"isFilterable":true,"isCalculated":false,"showLabel":true,"naturalOrder":59,"linkedFields":["ACTIVE__C"],"relatedInfos":[],"references":[]},{"@type":"field","id":166651366,"name":"NumberofLocations__c","type":"double","uniqueName":"NumberofLocations__c","label":"Number of Locations","parentObject":"Account","pcType":"HIPRECDECIMAL","precision":3,"scale":0,"columnIndex":60,"isKey":false,"isExternalId":false,"isSfIdLookup":false,"isNullable":true,"isUnique":false,"isCreateable":true,"isUpdateable":true,"isFilterable":true,"isCalculated":false,"showLabel":true,"naturalOrder":60,"linkedFields":["NUMBEROFLOCATIONS__C"],"relatedInfos":[],"references":[]},{"@type":"field","id":166651369,"name":"UpsellOpportunity__c","type":"picklist","uniqueName":"UpsellOpportunity__c","label":"Upsell Opportunity","parentObject":"Account","pcType":"STRING","precision":255,"scale":0,"columnIndex":61,"isKey":false,"isExternalId":false,"isSfIdLookup":false,"isNullable":true,"isUnique":false,"isCreateable":true,"isUpdateable":true,"isFilterable":true,"isCalculated":false,"showLabel":true,"naturalOrder":61,"linkedFields":["UPSELLOPPORTUNITY__C"],"relatedInfos":[],"references":[]},{"@type":"field","id":166651372,"name":"SLASerialNumber__c","type":"string","uniqueName":"SLASerialNumber__c","label":"SLA Serial Number","parentObject":"Account","pcType":"STRING","precision":10,"scale":0,"columnIndex":62,"isKey":false,"isExternalId":false,"isSfIdLookup":false,"isNullable":true,"isUnique":false,"isCreateable":true,"isUpdateable":true,"isFilterable":true,"isCalculated":false,"showLabel":true,"naturalOrder":62,"linkedFields":["SLASERIALNUMBER__C"],"relatedInfos":[],"references":[]},{"@type":"field","id":166651375,"name":"SLAExpirationDate__c","type":"date","uniqueName":"SLAExpirationDate__c","label":"SLA Expiration Date","parentObject":"Account","pcType":"DATE","precision":10,"scale":0,"columnIndex":63,"isKey":false,"isExternalId":false,"isSfIdLookup":false,"isNullable":true,"isUnique":false,"isCreateable":true,"isUpdateable":true,"isFilterable":true,"isCalculated":false,"showLabel":true,"naturalOrder":63,"linkedFields":["SLAEXPIRATIONDATE__C"],"relatedInfos":[],"references":[]}],"sortFields":[],"groupFields":[]}]